,language,avg_salary,survey_year
0, SQL,55603.9643602078,2017
1, JavaScript,57945.94344943262,2017
2, Python,61609.068794657855,2017
3, PHP,45107.73063797773,2017
4, Java,57000.56271127202,2017
5,C#,59264.89687907515,2017
6,Java,53034.495131837546,2017
7,JavaScript,51768.09318834515,2017
8,C,56491.637603476775,2017
9, C++,56352.102110592576,2017
