,language,avg_salary,survey_year
0,JavaScript,56396.92270639816,2017
1,SQL,55663.30820719875,2017
2,Java,55184.950409487894,2017
3,C#,58305.49989463399,2017
4,Python,61641.073323707606,2017
5,PHP,44780.664853591734,2017
6,C++,58690.2627537448,2017
7,C,56663.800769735004,2017
8,TypeScript,59623.00895134647,2017
9,Ruby,65581.2616907475,2017
