,language,avg_salary,survey_year
0,JavaScript,97974.17145899893,2018
1,HTML,95030.69808103668,2018
2,CSS,95604.48862752721,2018
3,SQL,97567.42716457607,2018
4,Java,90282.98584624553,2018
5,Bash/Shell,107340.89994119953,2018
6,Python,101955.64278257047,2018
7,C#,99185.49439274636,2018
8,PHP,81961.01156661786,2018
9,C++,90378.2715313269,2018
