,language,avg_salary,survey_year
0,JavaScript,127492.88098593353,2019
1,HTML/CSS,124628.0385097057,2019
2,SQL,128448.33660739665,2019
3,Python,141269.54417216746,2019
4,Java,121979.86560461379,2019
5,Bash/Shell/PowerShell,147670.7298919018,2019
6,C#,131545.5018270402,2019
7,PHP,102961.4537263947,2019
8,C++,129104.95508982036,2019
9,TypeScript,133337.36770213704,2019
