,language,avg_salary,survey_year
0,JavaScript,114864.94013838634,2021
1,HTML/CSS,113497.73098142823,2021
2,Python,124533.71950790861,2021
3,SQL,117631.4810222353,2021
4,Java,115848.8901850362,2021
5,Node.js,123406.11506416104,2021
6,TypeScript,127429.09154169167,2021
7,C#,123497.10245183887,2021
8,Bash/Shell,144981.97340231726,2021
9,C++,118030.11364441819,2021
