,language,percentage
0,JavaScript,49.49627109773649
1,SQL,45.36176893889834
2,Java,32.43490775873348
3,C#,31.113437132016227
4,PHP,22.37341358105456
5,Python,19.272536961925944
6,C++,18.552924244406647
7,C,15.360460552139212
8,Objective-C,8.831610624100485
9,Node.js,8.386759125997646
10,Ruby,7.758733481617167
