,language,percentage
0,SQL,52.76309466602594
1,JavaScript,50.08809867051097
2,CSS,45.234662822361045
3,C#,39.532276149287206
4,Java,37.61012333813872
5,HTML5,34.50264296011533
6,PHP,30.834534678840303
7,C++,24.443376581771584
8,C,23.770623097869613
9,Python,19.381707512413904
10,Objective-C,9.690853756206952
11,Ruby,9.24235143360564
12,Perl,7.384270382828769
13,None,0.08008970046452026
