,language,percentage
0,SQL,57.34091717028084
1,JavaScript,50.4443654461429
2,CSS,48.20476359758265
3,C#,48.062566654816926
4,Java,30.6078919303235
5,PHP,28.012797724848916
6,C,26.34198364735158
7,C++,26.306434411660153
8,Python,20.440810522573766
9,Ruby,10.131532172058302
10,Perl,10.095982936366868
